Namespace;Type;Method;Job;AnalyzeLaunchVariance;EvaluateOverhead;MaxAbsoluteError;MaxRelativeError;MinInvokeCount;MinIterationTime;OutlierMode;Affinity;EnvironmentVariables;Jit;LargeAddressAware;Platform;PowerPlanMode;Runtime;AllowVeryLargeObjects;Concurrent;CpuGroups;Force;HeapAffinitizeMask;HeapCount;NoAffinitize;RetainVm;Server;Arguments;BuildConfiguration;Clock;EngineFactory;NuGetReferences;Toolchain;IsMutator;InvocationCount;IterationCount;IterationTime;LaunchCount;MaxIterationCount;MaxWarmupIterationCount;MemoryRandomization;MinIterationCount;MinWarmupIterationCount;RunStrategy;UnrollFactor;WarmupCount;ActiveTicketCount;ListSize;ConcurrentTickets;AssetCount;TotalTickets;Mean;Error;StdDev;Median;Ratio;RatioSD;Rank;Gen0;Gen1;Allocated;Alloc Ratio
AssetFlowCore.Benchmarks.Infrastructure;DependencyInjectionResolutionBenchmark;'Résolution CreateMaintenanceTicketHandler (5 dépendances)';DefaultJob;False;Default;Default;Default;Default;Default;Default;1111;Empty;RyuJit;Default;X64;8c5e7fda-e8bf-4a96-9a85-a6e23a8c635c;.NET 8.0;False;False;False;True;Default;Default;False;False;False;Default;Default;Default;Default;Default;Default;Default;Default;Default;Default;Default;Default;Default;Default;Default;Default;Default;16;Default;?;?;?;?;?;NA;NA;NA;NA;?;?;?;NA;NA;NA;?
AssetFlowCore.Benchmarks.Infrastructure;ExceptionHandlingSerializationBenchmark;'Switch pattern dispatch — DomainException';DefaultJob;False;Default;Default;Default;Default;Default;Default;1111;Empty;RyuJit;Default;X64;8c5e7fda-e8bf-4a96-9a85-a6e23a8c635c;.NET 8.0;False;False;False;True;Default;Default;False;False;False;Default;Default;Default;Default;Default;Default;Default;Default;Default;Default;Default;Default;Default;Default;Default;Default;Default;16;Default;?;?;?;?;?;10.34 ns;0.248 ns;0.524 ns;10.13 ns;0.18;0.08;1;0.0612;0.0000;128 B;1.00
AssetFlowCore.Benchmarks.Infrastructure;ExceptionHandlingSerializationBenchmark;'Switch pattern dispatch — DbUpdateConcurrencyException';DefaultJob;False;Default;Default;Default;Default;Default;Default;1111;Empty;RyuJit;Default;X64;8c5e7fda-e8bf-4a96-9a85-a6e23a8c635c;.NET 8.0;False;False;False;True;Default;Default;False;False;False;Default;Default;Default;Default;Default;Default;Default;Default;Default;Default;Default;Default;Default;Default;Default;Default;Default;16;Default;?;?;?;?;?;11.37 ns;0.793 ns;2.157 ns;10.32 ns;0.20;0.10;1;0.0650;0.0000;136 B;1.06
AssetFlowCore.Benchmarks.Application;TicketAssignmentEngineBenchmark;'Network → Réseau-Télécom';DefaultJob;False;Default;Default;Default;Default;Default;Default;1111;Empty;RyuJit;Default;X64;8c5e7fda-e8bf-4a96-9a85-a6e23a8c635c;.NET 8.0;False;False;False;True;Default;Default;False;False;False;Default;Default;Default;Default;Default;Default;Default;Default;Default;Default;Default;Default;Default;Default;Default;Default;Default;16;Default;?;?;?;?;?;50.18 ns;1.089 ns;2.149 ns;49.52 ns;0.89;0.39;2;0.0612;0.0000;128 B;1.00
AssetFlowCore.Benchmarks.Application;TicketAssignmentEngineBenchmark;'Server → Infrastructure-Serveurs';DefaultJob;False;Default;Default;Default;Default;Default;Default;1111;Empty;RyuJit;Default;X64;8c5e7fda-e8bf-4a96-9a85-a6e23a8c635c;.NET 8.0;False;False;False;True;Default;Default;False;False;False;Default;Default;Default;Default;Default;Default;Default;Default;Default;Default;Default;Default;Default;Default;Default;Default;Default;16;Default;?;?;?;?;?;67.46 ns;8.739 ns;25.768 ns;77.76 ns;1.20;0.72;3;0.0612;0.0000;128 B;1.00
AssetFlowCore.Benchmarks.Application;TicketAssignmentEngineBenchmark;'Type inconnu → Support-Général (fallback)';DefaultJob;False;Default;Default;Default;Default;Default;Default;1111;Empty;RyuJit;Default;X64;8c5e7fda-e8bf-4a96-9a85-a6e23a8c635c;.NET 8.0;False;False;False;True;Default;Default;False;False;False;Default;Default;Default;Default;Default;Default;Default;Default;Default;Default;Default;Default;Default;Default;Default;Default;Default;16;Default;?;?;?;?;?;72.15 ns;1.430 ns;2.855 ns;71.37 ns;1.28;0.56;3;0.0612;0.0000;128 B;1.00
AssetFlowCore.Benchmarks.Application;TicketAssignmentEngineBenchmark;'Laptop High → Support-VIP';DefaultJob;False;Default;Default;Default;Default;Default;Default;1111;Empty;RyuJit;Default;X64;8c5e7fda-e8bf-4a96-9a85-a6e23a8c635c;.NET 8.0;False;False;False;True;Default;Default;False;False;False;Default;Default;Default;Default;Default;Default;Default;Default;Default;Default;Default;Default;Default;Default;Default;Default;Default;16;Default;?;?;?;?;?;75.02 ns;4.991 ns;14.559 ns;71.66 ns;1.33;0.65;3;0.0612;0.0000;128 B;1.00
AssetFlowCore.Benchmarks.Application;TicketAssignmentEngineBenchmark;'Laptop Medium → Support-Lectorat';DefaultJob;False;Default;Default;Default;Default;Default;Default;1111;Empty;RyuJit;Default;X64;8c5e7fda-e8bf-4a96-9a85-a6e23a8c635c;.NET 8.0;False;False;False;True;Default;Default;False;False;False;Default;Default;Default;Default;Default;Default;Default;Default;Default;Default;Default;Default;Default;Default;Default;Default;Default;16;Default;?;?;?;?;?;87.34 ns;5.551 ns;15.926 ns;84.42 ns;1.55;0.75;4;0.0612;0.0000;128 B;1.00
AssetFlowCore.Benchmarks.Domain;MaintenanceTicketStateMachineBenchmark;'Ticket construction — validation invariants';DefaultJob;False;Default;Default;Default;Default;Default;Default;1111;Empty;RyuJit;Default;X64;8c5e7fda-e8bf-4a96-9a85-a6e23a8c635c;.NET 8.0;False;False;False;True;Default;Default;False;False;False;Default;Default;Default;Default;Default;Default;Default;Default;Default;Default;Default;Default;Default;Default;Default;Default;Default;16;Default;?;?;?;?;?;156.36 ns;2.988 ns;2.795 ns;155.77 ns;2.77;1.22;5;0.0496;0.0000;104 B;0.81
AssetFlowCore.Benchmarks.Domain;MaintenanceTicketStateMachineBenchmark;'Ticket.AssignToTechnician() — Opened → InProgress';DefaultJob;False;Default;Default;Default;Default;Default;Default;1111;Empty;RyuJit;Default;X64;8c5e7fda-e8bf-4a96-9a85-a6e23a8c635c;.NET 8.0;False;False;False;True;Default;Default;False;False;False;Default;Default;Default;Default;Default;Default;Default;Default;Default;Default;Default;Default;Default;Default;Default;Default;Default;16;Default;?;?;?;?;?;156.95 ns;2.802 ns;2.621 ns;156.47 ns;2.78;1.22;5;0.0496;0.0000;104 B;0.81
AssetFlowCore.Benchmarks.Domain;AssetStateMachineBenchmark;'Cycle complet : InService → Down → InMaintenance → InService';DefaultJob;False;Default;Default;Default;Default;Default;Default;1111;Empty;RyuJit;Default;X64;8c5e7fda-e8bf-4a96-9a85-a6e23a8c635c;.NET 8.0;False;False;False;True;Default;Default;False;False;False;Default;Default;Default;Default;Default;Default;Default;Default;Default;Default;Default;Default;Default;Default;Default;Default;Default;16;Default;?;?;?;?;?;160.67 ns;2.344 ns;2.078 ns;161.08 ns;2.85;1.25;5;0.0610;0.0000;128 B;1.00
AssetFlowCore.Benchmarks.Domain;AssetStateMachineBenchmark;'Asset.MarkAsDown() — InService → Down';DefaultJob;False;Default;Default;Default;Default;Default;Default;1111;Empty;RyuJit;Default;X64;8c5e7fda-e8bf-4a96-9a85-a6e23a8c635c;.NET 8.0;False;False;False;True;Default;Default;False;False;False;Default;Default;Default;Default;Default;Default;Default;Default;Default;Default;Default;Default;Default;Default;Default;Default;Default;16;Default;?;?;?;?;?;160.73 ns;2.581 ns;4.655 ns;159.64 ns;2.85;1.25;5;0.0610;0.0000;128 B;1.00
AssetFlowCore.Benchmarks.Domain;AssetStateMachineBenchmark;'Asset.RestoreToService() — InMaintenance → InService';DefaultJob;False;Default;Default;Default;Default;Default;Default;1111;Empty;RyuJit;Default;X64;8c5e7fda-e8bf-4a96-9a85-a6e23a8c635c;.NET 8.0;False;False;False;True;Default;Default;False;False;False;Default;Default;Default;Default;Default;Default;Default;Default;Default;Default;Default;Default;Default;Default;Default;Default;Default;16;Default;?;?;?;?;?;161.48 ns;2.055 ns;1.716 ns;161.88 ns;2.86;1.26;5;0.0610;0.0000;128 B;1.00
AssetFlowCore.Benchmarks.Domain;AssetStateMachineBenchmark;'Asset.MarkInMaintenance() — Down → InMaintenance';DefaultJob;False;Default;Default;Default;Default;Default;Default;1111;Empty;RyuJit;Default;X64;8c5e7fda-e8bf-4a96-9a85-a6e23a8c635c;.NET 8.0;False;False;False;True;Default;Default;False;False;False;Default;Default;Default;Default;Default;Default;Default;Default;Default;Default;Default;Default;Default;Default;Default;Default;Default;16;Default;?;?;?;?;?;161.72 ns;2.030 ns;1.585 ns;161.75 ns;2.87;1.26;5;0.0610;0.0000;128 B;1.00
AssetFlowCore.Benchmarks.Domain;AssetStateMachineBenchmark;'Asset.Decommission() — InService → Decommissioned';DefaultJob;False;Default;Default;Default;Default;Default;Default;1111;Empty;RyuJit;Default;X64;8c5e7fda-e8bf-4a96-9a85-a6e23a8c635c;.NET 8.0;False;False;False;True;Default;Default;False;False;False;Default;Default;Default;Default;Default;Default;Default;Default;Default;Default;Default;Default;Default;Default;Default;Default;Default;16;Default;?;?;?;?;?;162.58 ns;3.255 ns;5.256 ns;160.81 ns;2.88;1.27;5;0.0610;0.0000;128 B;1.00
AssetFlowCore.Benchmarks.Domain;AssetStateMachineBenchmark;'Asset() construction seule — coût d'instanciation';DefaultJob;False;Default;Default;Default;Default;Default;Default;1111;Empty;RyuJit;Default;X64;8c5e7fda-e8bf-4a96-9a85-a6e23a8c635c;.NET 8.0;False;False;False;True;Default;Default;False;False;False;Default;Default;Default;Default;Default;Default;Default;Default;Default;Default;Default;Default;Default;Default;Default;Default;Default;16;Default;?;?;?;?;?;164.64 ns;2.705 ns;5.994 ns;163.26 ns;2.92;1.29;5;0.0610;0.0000;128 B;1.00
AssetFlowCore.Benchmarks.Domain;MaintenanceTicketStateMachineBenchmark;'Cycle complet : Construction → Assign → Close';DefaultJob;False;Default;Default;Default;Default;Default;Default;1111;Empty;RyuJit;Default;X64;8c5e7fda-e8bf-4a96-9a85-a6e23a8c635c;.NET 8.0;False;False;False;True;Default;Default;False;False;False;Default;Default;Default;Default;Default;Default;Default;Default;Default;Default;Default;Default;Default;Default;Default;Default;Default;16;Default;?;?;?;?;?;165.02 ns;2.492 ns;2.209 ns;165.07 ns;2.92;1.28;5;0.0496;0.0000;104 B;0.81
AssetFlowCore.Benchmarks.Domain;MaintenanceTicketStateMachineBenchmark;'Ticket.Close() — InProgress → Closed';DefaultJob;False;Default;Default;Default;Default;Default;Default;1111;Empty;RyuJit;Default;X64;8c5e7fda-e8bf-4a96-9a85-a6e23a8c635c;.NET 8.0;False;False;False;True;Default;Default;False;False;False;Default;Default;Default;Default;Default;Default;Default;Default;Default;Default;Default;Default;Default;Default;Default;Default;Default;16;Default;?;?;?;?;?;166.34 ns;3.252 ns;5.522 ns;164.62 ns;2.95;1.30;5;0.0496;0.0000;104 B;0.81
AssetFlowCore.Benchmarks.Domain;MaintenanceTicketStateMachineBenchmark;'Ticket — criticality Low vs High construction cost';DefaultJob;False;Default;Default;Default;Default;Default;Default;1111;Empty;RyuJit;Default;X64;8c5e7fda-e8bf-4a96-9a85-a6e23a8c635c;.NET 8.0;False;False;False;True;Default;Default;False;False;False;Default;Default;Default;Default;Default;Default;Default;Default;Default;Default;Default;Default;Default;Default;Default;Default;Default;16;Default;?;?;?;?;?;319.60 ns;5.069 ns;4.494 ns;319.75 ns;5.66;2.49;6;0.0992;0.0000;208 B;1.62
AssetFlowCore.Benchmarks.Infrastructure;ExceptionHandlingSerializationBenchmark;'Sérialise ProblemDetails 500 (Exception non gérée)';DefaultJob;False;Default;Default;Default;Default;Default;Default;1111;Empty;RyuJit;Default;X64;8c5e7fda-e8bf-4a96-9a85-a6e23a8c635c;.NET 8.0;False;False;False;True;Default;Default;False;False;False;Default;Default;Default;Default;Default;Default;Default;Default;Default;Default;Default;Default;Default;Default;Default;Default;Default;16;Default;?;?;?;?;?;579.84 ns;11.060 ns;11.834 ns;580.06 ns;10.27;4.52;7;0.1640;0.0000;344 B;2.69
AssetFlowCore.Benchmarks.Application.Validators;CreateTicketValidatorBenchmark;'Validate — tous les champs invalides (max erreurs)';DefaultJob;False;Default;Default;Default;Default;Default;Default;1111;Empty;RyuJit;Default;X64;8c5e7fda-e8bf-4a96-9a85-a6e23a8c635c;.NET 8.0;False;False;False;True;Default;Default;False;False;False;Default;Default;Default;Default;Default;Default;Default;Default;Default;Default;Default;Default;Default;Default;Default;Default;Default;16;Default;?;?;?;?;?;637.30 ns;8.053 ns;6.725 ns;636.98 ns;11.29;4.96;8;0.5121;0.0000;1072 B;8.38
AssetFlowCore.Benchmarks.Application.Validators;CreateTicketValidatorBenchmark;'Validate — AssetId vide (Guid.Empty)';DefaultJob;False;Default;Default;Default;Default;Default;Default;1111;Empty;RyuJit;Default;X64;8c5e7fda-e8bf-4a96-9a85-a6e23a8c635c;.NET 8.0;False;False;False;True;Default;Default;False;False;False;Default;Default;Default;Default;Default;Default;Default;Default;Default;Default;Default;Default;Default;Default;Default;Default;Default;16;Default;?;?;?;?;?;655.75 ns;12.156 ns;26.426 ns;646.96 ns;11.62;5.12;8;0.5121;0.0000;1072 B;8.38
AssetFlowCore.Benchmarks.Infrastructure;ExceptionHandlingSerializationBenchmark;'Sérialise ProblemDetails 400 (DomainException)';DefaultJob;False;Default;Default;Default;Default;Default;Default;1111;Empty;RyuJit;Default;X64;8c5e7fda-e8bf-4a96-9a85-a6e23a8c635c;.NET 8.0;False;False;False;True;Default;Default;False;False;False;Default;Default;Default;Default;Default;Default;Default;Default;Default;Default;Default;Default;Default;Default;Default;Default;Default;16;Default;?;?;?;?;?;736.17 ns;18.112 ns;50.190 ns;713.08 ns;13.05;5.81;9;0.1907;0.0000;400 B;3.12
AssetFlowCore.Benchmarks.Infrastructure;ExceptionHandlingSerializationBenchmark;'Sérialise ProblemDetails 409 (DbUpdateConcurrencyException)';DefaultJob;False;Default;Default;Default;Default;Default;Default;1111;Empty;RyuJit;Default;X64;8c5e7fda-e8bf-4a96-9a85-a6e23a8c635c;.NET 8.0;False;False;False;True;Default;Default;False;False;False;Default;Default;Default;Default;Default;Default;Default;Default;Default;Default;Default;Default;Default;Default;Default;Default;Default;16;Default;?;?;?;?;?;768.52 ns;15.320 ns;29.516 ns;760.49 ns;13.62;6.00;9;0.2251;0.0000;472 B;3.69
AssetFlowCore.Benchmarks.Application.Validators;CreateTicketValidatorBenchmark;'Validate — titre vide';DefaultJob;False;Default;Default;Default;Default;Default;Default;1111;Empty;RyuJit;Default;X64;8c5e7fda-e8bf-4a96-9a85-a6e23a8c635c;.NET 8.0;False;False;False;True;Default;Default;False;False;False;Default;Default;Default;Default;Default;Default;Default;Default;Default;Default;Default;Default;Default;Default;Default;Default;Default;16;Default;?;?;?;?;?;822.94 ns;14.241 ns;11.119 ns;825.77 ns;14.58;6.41;9;0.4807;0.0000;1008 B;7.88
AssetFlowCore.Benchmarks.Application.Validators;CreateTicketValidatorBenchmark;'Validate — commande valide (happy path)';DefaultJob;False;Default;Default;Default;Default;Default;Default;1111;Empty;RyuJit;Default;X64;8c5e7fda-e8bf-4a96-9a85-a6e23a8c635c;.NET 8.0;False;False;False;True;Default;Default;False;False;False;Default;Default;Default;Default;Default;Default;Default;Default;Default;Default;Default;Default;Default;Default;Default;Default;Default;16;Default;?;?;?;?;?;"1,100.39 ns";9.044 ns;8.017 ns;"1,102.16 ns";19.50;8.56;10;0.4158;0.0000;872 B;6.81
AssetFlowCore.Benchmarks.Application.Validators;CreateTicketValidatorBenchmark;'ValidateAsync — commande valide (async overhead)';DefaultJob;False;Default;Default;Default;Default;Default;Default;1111;Empty;RyuJit;Default;X64;8c5e7fda-e8bf-4a96-9a85-a6e23a8c635c;.NET 8.0;False;False;False;True;Default;Default;False;False;False;Default;Default;Default;Default;Default;Default;Default;Default;Default;Default;Default;Default;Default;Default;Default;Default;Default;16;Default;?;?;?;?;?;"1,123.24 ns";22.169 ns;19.652 ns;"1,121.43 ns";19.90;8.75;10;0.4501;0.0000;944 B;7.38
AssetFlowCore.Benchmarks.Application.Validators;CreateTicketValidatorBenchmark;'Validate — criticité inconnue';DefaultJob;False;Default;Default;Default;Default;Default;Default;1111;Empty;RyuJit;Default;X64;8c5e7fda-e8bf-4a96-9a85-a6e23a8c635c;.NET 8.0;False;False;False;True;Default;Default;False;False;False;Default;Default;Default;Default;Default;Default;Default;Default;Default;Default;Default;Default;Default;Default;Default;Default;Default;16;Default;?;?;?;?;?;"1,466.93 ns";27.316 ns;56.413 ns;"1,450.41 ns";25.99;11.46;11;0.6104;0.0000;1280 B;10.00
AssetFlowCore.Benchmarks.Infrastructure;DependencyInjectionResolutionBenchmark;'Résolution GetAllAssetsHandler (scope frais)';DefaultJob;False;Default;Default;Default;Default;Default;Default;1111;Empty;RyuJit;Default;X64;8c5e7fda-e8bf-4a96-9a85-a6e23a8c635c;.NET 8.0;False;False;False;True;Default;Default;False;False;False;Default;Default;Default;Default;Default;Default;Default;Default;Default;Default;Default;Default;Default;Default;Default;Default;Default;16;Default;?;?;?;?;?;"23,207.27 ns";461.484 ns;"1,060.336 ns";"22,919.35 ns";411.24;181.62;12;10.1013;0.0000;21122 B;165.02
AssetFlowCore.Benchmarks.Infrastructure;DependencyInjectionResolutionBenchmark;'Résolution RegisterAssetHandler (scope frais)';DefaultJob;False;Default;Default;Default;Default;Default;Default;1111;Empty;RyuJit;Default;X64;8c5e7fda-e8bf-4a96-9a85-a6e23a8c635c;.NET 8.0;False;False;False;True;Default;Default;False;False;False;Default;Default;Default;Default;Default;Default;Default;Default;Default;Default;Default;Default;Default;Default;Default;Default;Default;16;Default;?;?;?;?;?;"23,567.57 ns";324.401 ns;253.271 ns;"23,538.78 ns";417.63;183.40;12;10.1013;0.0000;21127 B;165.05
AssetFlowCore.Benchmarks.Infrastructure;DependencyInjectionResolutionBenchmark;'Création scope DI + résolution + dispose';DefaultJob;False;Default;Default;Default;Default;Default;Default;1111;Empty;RyuJit;Default;X64;8c5e7fda-e8bf-4a96-9a85-a6e23a8c635c;.NET 8.0;False;False;False;True;Default;Default;False;False;False;Default;Default;Default;Default;Default;Default;Default;Default;Default;Default;Default;Default;Default;Default;Default;Default;Default;16;Default;?;?;?;?;?;"23,811.87 ns";422.171 ns;890.501 ns;"23,574.48 ns";421.95;185.97;12;10.1013;0.0000;21127 B;165.05
AssetFlowCore.Benchmarks.Application.UseCases;CloseTicketBenchmark;'Close — dernier ticket actif → RestoreToService';Job-CNUJVU;False;Default;Default;Default;Default;Default;Default;1111;Empty;RyuJit;Default;X64;8c5e7fda-e8bf-4a96-9a85-a6e23a8c635c;.NET 8.0;False;False;False;True;Default;Default;False;False;False;Default;Default;Default;Default;Default;Default;Default;1;Default;Default;Default;Default;Default;Default;Default;Default;Default;1;Default;?;?;?;?;?;NA;NA;NA;NA;?;?;?;NA;NA;NA;?
AssetFlowCore.Benchmarks.Application.UseCases;CreateTicketBenchmark;'Ticket Server High → Infrastructure-Serveurs';Job-CNUJVU;False;Default;Default;Default;Default;Default;Default;1111;Empty;RyuJit;Default;X64;8c5e7fda-e8bf-4a96-9a85-a6e23a8c635c;.NET 8.0;False;False;False;True;Default;Default;False;False;False;Default;Default;Default;Default;Default;Default;Default;1;Default;Default;Default;Default;Default;Default;Default;Default;Default;1;Default;?;?;?;?;?;NA;NA;NA;NA;?;?;?;NA;NA;NA;?
AssetFlowCore.Benchmarks.Application.UseCases;CreateTicketBenchmark;'Ticket Laptop High → Support-VIP';Job-CNUJVU;False;Default;Default;Default;Default;Default;Default;1111;Empty;RyuJit;Default;X64;8c5e7fda-e8bf-4a96-9a85-a6e23a8c635c;.NET 8.0;False;False;False;True;Default;Default;False;False;False;Default;Default;Default;Default;Default;Default;Default;1;Default;Default;Default;Default;Default;Default;Default;Default;Default;1;Default;?;?;?;?;?;NA;NA;NA;NA;?;?;?;NA;NA;NA;?
AssetFlowCore.Benchmarks.Application.UseCases;CreateTicketBenchmark;'Ticket Laptop Medium → Support-Lectorat';Job-CNUJVU;False;Default;Default;Default;Default;Default;Default;1111;Empty;RyuJit;Default;X64;8c5e7fda-e8bf-4a96-9a85-a6e23a8c635c;.NET 8.0;False;False;False;True;Default;Default;False;False;False;Default;Default;Default;Default;Default;Default;Default;1;Default;Default;Default;Default;Default;Default;Default;Default;Default;1;Default;?;?;?;?;?;NA;NA;NA;NA;?;?;?;NA;NA;NA;?
AssetFlowCore.Benchmarks.Application.UseCases;CreateTicketBenchmark;'Ticket Network Low → Réseau-Télécom';Job-CNUJVU;False;Default;Default;Default;Default;Default;Default;1111;Empty;RyuJit;Default;X64;8c5e7fda-e8bf-4a96-9a85-a6e23a8c635c;.NET 8.0;False;False;False;True;Default;Default;False;False;False;Default;Default;Default;Default;Default;Default;Default;1;Default;Default;Default;Default;Default;Default;Default;Default;Default;1;Default;?;?;?;?;?;NA;NA;NA;NA;?;?;?;NA;NA;NA;?
AssetFlowCore.Benchmarks.Application.UseCases;TicketLifecycleBenchmark;'Cycle complet : Create → Assign → Close';Job-CNUJVU;False;Default;Default;Default;Default;Default;Default;1111;Empty;RyuJit;Default;X64;8c5e7fda-e8bf-4a96-9a85-a6e23a8c635c;.NET 8.0;False;False;False;True;Default;Default;False;False;False;Default;Default;Default;Default;Default;Default;Default;1;Default;Default;Default;Default;Default;Default;Default;Default;Default;1;Default;?;?;?;?;?;NA;NA;NA;NA;?;?;?;NA;NA;NA;?
AssetFlowCore.Benchmarks.Application.UseCases;TicketLifecycleBenchmark;'Assign seul (ticket déjà créé)';Job-CNUJVU;False;Default;Default;Default;Default;Default;Default;1111;Empty;RyuJit;Default;X64;8c5e7fda-e8bf-4a96-9a85-a6e23a8c635c;.NET 8.0;False;False;False;True;Default;Default;False;False;False;Default;Default;Default;Default;Default;Default;Default;1;Default;Default;Default;Default;Default;Default;Default;Default;Default;1;Default;?;?;?;?;?;NA;NA;NA;NA;?;?;?;NA;NA;NA;?
AssetFlowCore.Benchmarks.Application.UseCases;TicketLifecycleBenchmark;'Close seul (ticket déjà assigné)';Job-CNUJVU;False;Default;Default;Default;Default;Default;Default;1111;Empty;RyuJit;Default;X64;8c5e7fda-e8bf-4a96-9a85-a6e23a8c635c;.NET 8.0;False;False;False;True;Default;Default;False;False;False;Default;Default;Default;Default;Default;Default;Default;1;Default;Default;Default;Default;Default;Default;Default;Default;Default;1;Default;?;?;?;?;?;NA;NA;NA;NA;?;?;?;NA;NA;NA;?
AssetFlowCore.Benchmarks.Application.UseCases;RegisterAssetDuplicateSerialBenchmark;'Register — serial dupliqué (DomainException + AnyAsync)';Job-CNUJVU;False;Default;Default;Default;Default;Default;Default;1111;Empty;RyuJit;Default;X64;8c5e7fda-e8bf-4a96-9a85-a6e23a8c635c;.NET 8.0;False;False;False;True;Default;Default;False;False;False;Default;Default;Default;Default;Default;Default;Default;1;Default;Default;Default;Default;Default;Default;Default;Default;Default;1;Default;?;?;?;?;?;"978,206.74 ns";"41,199.988 ns";"114,164.981 ns";"995,200.00 ns";?;?;1;0.0000;0.0000;58896 B;?
AssetFlowCore.Benchmarks.Application.UseCases;RegisterAssetBenchmark;'Register Laptop';Job-CNUJVU;False;Default;Default;Default;Default;Default;Default;1111;Empty;RyuJit;Default;X64;8c5e7fda-e8bf-4a96-9a85-a6e23a8c635c;.NET 8.0;False;False;False;True;Default;Default;False;False;False;Default;Default;Default;Default;Default;Default;Default;1;Default;Default;Default;Default;Default;Default;Default;Default;Default;1;Default;?;?;?;?;?;"1,374,681.61 ns";"85,220.910 ns";"233,290.884 ns";"1,428,500.00 ns";?;?;2;0.0000;0.0000;148272 B;?
AssetFlowCore.Benchmarks.Application.UseCases;RegisterAssetBenchmark;'Register NetworkDevice';Job-CNUJVU;False;Default;Default;Default;Default;Default;Default;1111;Empty;RyuJit;Default;X64;8c5e7fda-e8bf-4a96-9a85-a6e23a8c635c;.NET 8.0;False;False;False;True;Default;Default;False;False;False;Default;Default;Default;Default;Default;Default;Default;1;Default;Default;Default;Default;Default;Default;Default;Default;Default;1;Default;?;?;?;?;?;"1,400,707.14 ns";"87,750.782 ns";"235,736.795 ns";"1,423,600.00 ns";?;?;2;0.0000;0.0000;148152 B;?
AssetFlowCore.Benchmarks.Application.UseCases;RegisterAssetDuplicateSerialBenchmark;'Register — serial avec espaces et casse mixte (normalisation)';Job-CNUJVU;False;Default;Default;Default;Default;Default;Default;1111;Empty;RyuJit;Default;X64;8c5e7fda-e8bf-4a96-9a85-a6e23a8c635c;.NET 8.0;False;False;False;True;Default;Default;False;False;False;Default;Default;Default;Default;Default;Default;Default;1;Default;Default;Default;Default;Default;Default;Default;Default;Default;1;Default;?;?;?;?;?;"1,411,637.50 ns";"86,378.892 ns";"237,912.572 ns";"1,445,550.00 ns";?;?;2;0.0000;0.0000;149120 B;?
AssetFlowCore.Benchmarks.Application.UseCases;RegisterAssetDuplicateSerialBenchmark;'Register — serial unique (succès)';Job-CNUJVU;False;Default;Default;Default;Default;Default;Default;1111;Empty;RyuJit;Default;X64;8c5e7fda-e8bf-4a96-9a85-a6e23a8c635c;.NET 8.0;False;False;False;True;Default;Default;False;False;False;Default;Default;Default;Default;Default;Default;Default;1;Default;Default;Default;Default;Default;Default;Default;Default;Default;1;Default;?;?;?;?;?;"1,425,845.88 ns";"93,650.177 ns";"253,188.718 ns";"1,439,400.00 ns";?;?;2;0.0000;0.0000;148896 B;?
AssetFlowCore.Benchmarks.Application.UseCases;RegisterAssetBenchmark;'Register Server';Job-CNUJVU;False;Default;Default;Default;Default;Default;Default;1111;Empty;RyuJit;Default;X64;8c5e7fda-e8bf-4a96-9a85-a6e23a8c635c;.NET 8.0;False;False;False;True;Default;Default;False;False;False;Default;Default;Default;Default;Default;Default;Default;1;Default;Default;Default;Default;Default;Default;Default;Default;Default;1;Default;?;?;?;?;?;"1,491,224.73 ns";"156,296.112 ns";"443,386.087 ns";"1,439,200.00 ns";?;?;2;0.0000;0.0000;148152 B;?
AssetFlowCore.Benchmarks.Application.UseCases;DecommissionAssetBenchmark;'Decommission — asset sans tickets (succès)';Job-CNUJVU;False;Default;Default;Default;Default;Default;Default;1111;Empty;RyuJit;Default;X64;8c5e7fda-e8bf-4a96-9a85-a6e23a8c635c;.NET 8.0;False;False;False;True;Default;Default;False;False;False;Default;Default;Default;Default;Default;Default;Default;1;Default;Default;Default;Default;Default;Default;Default;Default;Default;1;Default;1;?;?;?;?;NA;NA;NA;NA;?;?;?;NA;NA;NA;?
AssetFlowCore.Benchmarks.Application.UseCases;DecommissionAssetBenchmark;'Decommission — asset bloqué par tickets actifs (DomainException)';Job-CNUJVU;False;Default;Default;Default;Default;Default;Default;1111;Empty;RyuJit;Default;X64;8c5e7fda-e8bf-4a96-9a85-a6e23a8c635c;.NET 8.0;False;False;False;True;Default;Default;False;False;False;Default;Default;Default;Default;Default;Default;Default;1;Default;Default;Default;Default;Default;Default;Default;Default;Default;1;Default;1;?;?;?;?;NA;NA;NA;NA;?;?;?;NA;NA;NA;?
AssetFlowCore.Benchmarks.Application;MappingBenchmark;'Ticket.ToDto() — mapping unitaire';DefaultJob;False;Default;Default;Default;Default;Default;Default;1111;Empty;RyuJit;Default;X64;8c5e7fda-e8bf-4a96-9a85-a6e23a8c635c;.NET 8.0;False;False;False;True;Default;Default;False;False;False;Default;Default;Default;Default;Default;Default;Default;Default;Default;Default;Default;Default;Default;Default;Default;Default;Default;16;Default;?;1;?;?;?;91.21 ns;2.797 ns;8.247 ns;91.56 ns;0.99;0.13;1;0.0612;0.0000;128 B;1.07
AssetFlowCore.Benchmarks.Application;MappingBenchmark;'Asset.ToDto() — mapping unitaire';DefaultJob;False;Default;Default;Default;Default;Default;Default;1111;Empty;RyuJit;Default;X64;8c5e7fda-e8bf-4a96-9a85-a6e23a8c635c;.NET 8.0;False;False;False;True;Default;Default;False;False;False;Default;Default;Default;Default;Default;Default;Default;Default;Default;Default;Default;Default;Default;Default;Default;Default;Default;16;Default;?;1;?;?;?;93.09 ns;2.618 ns;7.678 ns;95.04 ns;1.01;0.12;1;0.0573;0.0000;120 B;1.00
AssetFlowCore.Benchmarks.Application;MappingBenchmark;'Liste assets.Select(ToDto) — mapping en masse';DefaultJob;False;Default;Default;Default;Default;Default;Default;1111;Empty;RyuJit;Default;X64;8c5e7fda-e8bf-4a96-9a85-a6e23a8c635c;.NET 8.0;False;False;False;True;Default;Default;False;False;False;Default;Default;Default;Default;Default;Default;Default;Default;Default;Default;Default;Default;Default;Default;Default;Default;Default;16;Default;?;1;?;?;?;331.14 ns;12.072 ns;35.594 ns;340.17 ns;3.58;0.50;2;0.1221;0.0000;256 B;2.13
AssetFlowCore.Benchmarks.Application.UseCases;DecommissionAssetBenchmark;'Decommission — asset sans tickets (succès)';Job-CNUJVU;False;Default;Default;Default;Default;Default;Default;1111;Empty;RyuJit;Default;X64;8c5e7fda-e8bf-4a96-9a85-a6e23a8c635c;.NET 8.0;False;False;False;True;Default;Default;False;False;False;Default;Default;Default;Default;Default;Default;Default;1;Default;Default;Default;Default;Default;Default;Default;Default;Default;1;Default;5;?;?;?;?;NA;NA;NA;NA;?;?;?;NA;NA;NA;?
AssetFlowCore.Benchmarks.Application.UseCases;DecommissionAssetBenchmark;'Decommission — asset bloqué par tickets actifs (DomainException)';Job-CNUJVU;False;Default;Default;Default;Default;Default;Default;1111;Empty;RyuJit;Default;X64;8c5e7fda-e8bf-4a96-9a85-a6e23a8c635c;.NET 8.0;False;False;False;True;Default;Default;False;False;False;Default;Default;Default;Default;Default;Default;Default;1;Default;Default;Default;Default;Default;Default;Default;Default;Default;1;Default;5;?;?;?;?;NA;NA;NA;NA;?;?;?;NA;NA;NA;?
AssetFlowCore.Benchmarks.Application.UseCases;ConcurrentTicketCreationBenchmark;'N tickets séquentiels (référence)';Job-CNUJVU;False;Default;Default;Default;Default;Default;Default;1111;Empty;RyuJit;Default;X64;8c5e7fda-e8bf-4a96-9a85-a6e23a8c635c;.NET 8.0;False;False;False;True;Default;Default;False;False;False;Default;Default;Default;Default;Default;Default;Default;1;Default;Default;Default;Default;Default;Default;Default;Default;Default;1;Default;?;?;5;?;?;NA;NA;NA;NA;?;?;?;NA;NA;NA;?
AssetFlowCore.Benchmarks.Application.UseCases;ConcurrentTicketCreationBenchmark;'N tickets en parallèle (Task.WhenAll)';Job-CNUJVU;False;Default;Default;Default;Default;Default;Default;1111;Empty;RyuJit;Default;X64;8c5e7fda-e8bf-4a96-9a85-a6e23a8c635c;.NET 8.0;False;False;False;True;Default;Default;False;False;False;Default;Default;Default;Default;Default;Default;Default;1;Default;Default;Default;Default;Default;Default;Default;Default;Default;1;Default;?;?;5;?;?;NA;NA;NA;NA;?;?;?;NA;NA;NA;?
AssetFlowCore.Benchmarks.Application.UseCases;DecommissionAssetBenchmark;'Decommission — asset sans tickets (succès)';Job-CNUJVU;False;Default;Default;Default;Default;Default;Default;1111;Empty;RyuJit;Default;X64;8c5e7fda-e8bf-4a96-9a85-a6e23a8c635c;.NET 8.0;False;False;False;True;Default;Default;False;False;False;Default;Default;Default;Default;Default;Default;Default;1;Default;Default;Default;Default;Default;Default;Default;Default;Default;1;Default;10;?;?;?;?;NA;NA;NA;NA;?;?;?;NA;NA;NA;?
AssetFlowCore.Benchmarks.Application.UseCases;DecommissionAssetBenchmark;'Decommission — asset bloqué par tickets actifs (DomainException)';Job-CNUJVU;False;Default;Default;Default;Default;Default;Default;1111;Empty;RyuJit;Default;X64;8c5e7fda-e8bf-4a96-9a85-a6e23a8c635c;.NET 8.0;False;False;False;True;Default;Default;False;False;False;Default;Default;Default;Default;Default;Default;Default;1;Default;Default;Default;Default;Default;Default;Default;Default;Default;1;Default;10;?;?;?;?;NA;NA;NA;NA;?;?;?;NA;NA;NA;?
AssetFlowCore.Benchmarks.Infrastructure;CachedRepositoryBenchmark;'Cache hit — appels suivants';DefaultJob;False;Default;Default;Default;Default;Default;Default;1111;Empty;RyuJit;Default;X64;8c5e7fda-e8bf-4a96-9a85-a6e23a8c635c;.NET 8.0;False;False;False;True;Default;Default;False;False;False;Default;Default;Default;Default;Default;Default;Default;Default;Default;Default;Default;Default;Default;Default;Default;Default;Default;16;Default;?;?;?;10;?;347.08 ns;10.195 ns;26.857 ns;336.95 ns;0.01;0.00;1;0.2980;0.0000;624 B;0.03
AssetFlowCore.Benchmarks.Application.UseCases;GetAllAssetsBenchmark;'GetAll — cache hit (appels suivants)';DefaultJob;False;Default;Default;Default;Default;Default;Default;1111;Empty;RyuJit;Default;X64;8c5e7fda-e8bf-4a96-9a85-a6e23a8c635c;.NET 8.0;False;False;False;True;Default;Default;False;False;False;Default;Default;Default;Default;Default;Default;Default;Default;Default;Default;Default;Default;Default;Default;Default;Default;Default;16;Default;?;?;?;10;?;"24,831.16 ns";495.964 ns;"1,035.262 ns";"24,537.98 ns";0.98;0.05;2;11.1084;0.0000;23242 B;1.02
AssetFlowCore.Benchmarks.Application.UseCases;GetAllAssetsBenchmark;'GetAll — cache miss (premier appel)';DefaultJob;False;Default;Default;Default;Default;Default;Default;1111;Empty;RyuJit;Default;X64;8c5e7fda-e8bf-4a96-9a85-a6e23a8c635c;.NET 8.0;False;False;False;True;Default;Default;False;False;False;Default;Default;Default;Default;Default;Default;Default;Default;Default;Default;Default;Default;Default;Default;Default;Default;Default;16;Default;?;?;?;10;?;"25,367.53 ns";502.183 ns;943.221 ns;"25,109.72 ns";1.00;0.05;2;10.9253;0.0000;22890 B;1.00
AssetFlowCore.Benchmarks.Infrastructure;AssetRepositoryBenchmark;'GetAllReadOnlyAsync — AsNoTracking (N assets)';DefaultJob;False;Default;Default;Default;Default;Default;Default;1111;Empty;RyuJit;Default;X64;8c5e7fda-e8bf-4a96-9a85-a6e23a8c635c;.NET 8.0;False;False;False;True;Default;Default;False;False;False;Default;Default;Default;Default;Default;Default;Default;Default;Default;Default;Default;Default;Default;Default;Default;Default;Default;16;Default;?;?;?;10;?;"26,349.77 ns";458.037 ns;966.156 ns;"26,092.62 ns";1.04;0.05;3;10.3149;0.0000;21593 B;0.94
AssetFlowCore.Benchmarks.Infrastructure;CachedRepositoryBenchmark;'Sans cache — lecture EF directe';DefaultJob;False;Default;Default;Default;Default;Default;Default;1111;Empty;RyuJit;Default;X64;8c5e7fda-e8bf-4a96-9a85-a6e23a8c635c;.NET 8.0;False;False;False;True;Default;Default;False;False;False;Default;Default;Default;Default;Default;Default;Default;Default;Default;Default;Default;Default;Default;Default;Default;Default;Default;16;Default;?;?;?;10;?;"26,520.56 ns";366.663 ns;325.037 ns;"26,492.73 ns";1.05;0.04;3;10.3149;0.0000;21593 B;0.94
AssetFlowCore.Benchmarks.Infrastructure;CachedRepositoryBenchmark;'Cache miss — premier appel (populate)';DefaultJob;False;Default;Default;Default;Default;Default;Default;1111;Empty;RyuJit;Default;X64;8c5e7fda-e8bf-4a96-9a85-a6e23a8c635c;.NET 8.0;False;False;False;True;Default;Default;False;False;False;Default;Default;Default;Default;Default;Default;Default;Default;Default;Default;Default;Default;Default;Default;Default;Default;Default;16;Default;?;?;?;10;?;"28,512.00 ns";663.811 ns;"1,794.652 ns";"27,827.96 ns";1.13;0.08;4;10.5286;0.0000;22025 B;0.96
AssetFlowCore.Benchmarks.Infrastructure;AssetRepositoryBenchmark;'GetByIdAsync — asset inexistant (Guid.NewGuid)';DefaultJob;False;Default;Default;Default;Default;Default;Default;1111;Empty;RyuJit;Default;X64;8c5e7fda-e8bf-4a96-9a85-a6e23a8c635c;.NET 8.0;False;False;False;True;Default;Default;False;False;False;Default;Default;Default;Default;Default;Default;Default;Default;Default;Default;Default;Default;Default;Default;Default;Default;Default;16;Default;?;?;?;10;?;"37,458.83 ns";739.265 ns;691.509 ns;"37,377.76 ns";1.48;0.06;5;6.3477;0.0000;13406 B;0.59
AssetFlowCore.Benchmarks.Infrastructure;AssetRepositoryBenchmark;'ExistsWithSerialNumberAsync — avec espaces et casse mixte';DefaultJob;False;Default;Default;Default;Default;Default;Default;1111;Empty;RyuJit;Default;X64;8c5e7fda-e8bf-4a96-9a85-a6e23a8c635c;.NET 8.0;False;False;False;True;Default;Default;False;False;False;Default;Default;Default;Default;Default;Default;Default;Default;Default;Default;Default;Default;Default;Default;Default;Default;Default;16;Default;?;?;?;10;?;"41,598.70 ns";479.192 ns;400.147 ns;"41,557.91 ns";1.64;0.06;6;8.0566;0.0000;17047 B;0.74
AssetFlowCore.Benchmarks.Infrastructure;AssetRepositoryBenchmark;'ExistsWithSerialNumberAsync — numéro existant';DefaultJob;False;Default;Default;Default;Default;Default;Default;1111;Empty;RyuJit;Default;X64;8c5e7fda-e8bf-4a96-9a85-a6e23a8c635c;.NET 8.0;False;False;False;True;Default;Default;False;False;False;Default;Default;Default;Default;Default;Default;Default;Default;Default;Default;Default;Default;Default;Default;Default;Default;Default;16;Default;?;?;?;10;?;"43,483.63 ns";664.460 ns;816.016 ns;"43,771.19 ns";1.72;0.07;6;8.0566;0.0000;17095 B;0.75
AssetFlowCore.Benchmarks.Infrastructure;AssetRepositoryBenchmark;'GetByIdAsync — asset connu avec tickets inclus';DefaultJob;False;Default;Default;Default;Default;Default;Default;1111;Empty;RyuJit;Default;X64;8c5e7fda-e8bf-4a96-9a85-a6e23a8c635c;.NET 8.0;False;False;False;True;Default;Default;False;False;False;Default;Default;Default;Default;Default;Default;Default;Default;Default;Default;Default;Default;Default;Default;Default;Default;Default;16;Default;?;?;?;10;?;"44,127.98 ns";862.681 ns;885.910 ns;"44,269.21 ns";1.74;0.07;6;8.0566;0.0000;17111 B;0.75
AssetFlowCore.Benchmarks.Infrastructure;AssetRepositoryBenchmark;'ExistsWithSerialNumberAsync — numéro inexistant';DefaultJob;False;Default;Default;Default;Default;Default;Default;1111;Empty;RyuJit;Default;X64;8c5e7fda-e8bf-4a96-9a85-a6e23a8c635c;.NET 8.0;False;False;False;True;Default;Default;False;False;False;Default;Default;Default;Default;Default;Default;Default;Default;Default;Default;Default;Default;Default;Default;Default;Default;Default;16;Default;?;?;?;10;?;"48,103.22 ns";"2,725.084 ns";"7,774.818 ns";"43,660.90 ns";1.90;0.31;6;8.0566;0.0000;16871 B;0.74
AssetFlowCore.Benchmarks.Infrastructure;MaintenanceTicketRepositoryBenchmark;'GetByIdAsync — ticket connu (1 résultat)';DefaultJob;False;Default;Default;Default;Default;Default;Default;1111;Empty;RyuJit;Default;X64;8c5e7fda-e8bf-4a96-9a85-a6e23a8c635c;.NET 8.0;False;False;False;True;Default;Default;False;False;False;Default;Default;Default;Default;Default;Default;Default;Default;Default;Default;Default;Default;Default;Default;Default;Default;Default;16;Default;?;?;?;?;10;"28,018.23 ns";548.593 ns;786.776 ns;"27,884.74 ns";0.97;0.04;1;5.2490;0.0000;11021 B;1.05
AssetFlowCore.Benchmarks.Infrastructure;MaintenanceTicketRepositoryBenchmark;'CountActiveTickets — asset sans tickets (Guid inconnu)';DefaultJob;False;Default;Default;Default;Default;Default;Default;1111;Empty;RyuJit;Default;X64;8c5e7fda-e8bf-4a96-9a85-a6e23a8c635c;.NET 8.0;False;False;False;True;Default;Default;False;False;False;Default;Default;Default;Default;Default;Default;Default;Default;Default;Default;Default;Default;Default;Default;Default;Default;Default;16;Default;?;?;?;?;10;"28,533.15 ns";551.938 ns;566.800 ns;"28,497.47 ns";0.99;0.04;1;4.8828;0.0000;10260 B;0.98
AssetFlowCore.Benchmarks.Infrastructure;MaintenanceTicketRepositoryBenchmark;'CountActiveTickets — asset avec N tickets (Opened+InProgress)';DefaultJob;False;Default;Default;Default;Default;Default;Default;1111;Empty;RyuJit;Default;X64;8c5e7fda-e8bf-4a96-9a85-a6e23a8c635c;.NET 8.0;False;False;False;True;Default;Default;False;False;False;Default;Default;Default;Default;Default;Default;Default;Default;Default;Default;Default;Default;Default;Default;Default;Default;Default;16;Default;?;?;?;?;10;"28,892.99 ns";574.191 ns;975.020 ns;"28,737.10 ns";1.00;0.05;1;5.0049;0.0000;10476 B;1.00
AssetFlowCore.Benchmarks.Infrastructure;MaintenanceTicketRepositoryBenchmark;'GetByIdAsync — ticket inexistant (0 résultat)';DefaultJob;False;Default;Default;Default;Default;Default;Default;1111;Empty;RyuJit;Default;X64;8c5e7fda-e8bf-4a96-9a85-a6e23a8c635c;.NET 8.0;False;False;False;True;Default;Default;False;False;False;Default;Default;Default;Default;Default;Default;Default;Default;Default;Default;Default;Default;Default;Default;Default;Default;Default;16;Default;?;?;?;?;10;"31,693.88 ns";"2,279.214 ns";"6,239.311 ns";"28,382.57 ns";1.10;0.22;1;5.0049;0.0000;10572 B;1.01
AssetFlowCore.Benchmarks.Application.UseCases;ConcurrentTicketCreationBenchmark;'N tickets séquentiels (référence)';Job-CNUJVU;False;Default;Default;Default;Default;Default;Default;1111;Empty;RyuJit;Default;X64;8c5e7fda-e8bf-4a96-9a85-a6e23a8c635c;.NET 8.0;False;False;False;True;Default;Default;False;False;False;Default;Default;Default;Default;Default;Default;Default;1;Default;Default;Default;Default;Default;Default;Default;Default;Default;1;Default;?;?;20;?;?;NA;NA;NA;NA;?;?;?;NA;NA;NA;?
AssetFlowCore.Benchmarks.Application.UseCases;ConcurrentTicketCreationBenchmark;'N tickets en parallèle (Task.WhenAll)';Job-CNUJVU;False;Default;Default;Default;Default;Default;Default;1111;Empty;RyuJit;Default;X64;8c5e7fda-e8bf-4a96-9a85-a6e23a8c635c;.NET 8.0;False;False;False;True;Default;Default;False;False;False;Default;Default;Default;Default;Default;Default;Default;1;Default;Default;Default;Default;Default;Default;Default;Default;Default;1;Default;?;?;20;?;?;NA;NA;NA;NA;?;?;?;NA;NA;NA;?
AssetFlowCore.Benchmarks.Application.UseCases;ConcurrentTicketCreationBenchmark;'N tickets séquentiels (référence)';Job-CNUJVU;False;Default;Default;Default;Default;Default;Default;1111;Empty;RyuJit;Default;X64;8c5e7fda-e8bf-4a96-9a85-a6e23a8c635c;.NET 8.0;False;False;False;True;Default;Default;False;False;False;Default;Default;Default;Default;Default;Default;Default;1;Default;Default;Default;Default;Default;Default;Default;Default;Default;1;Default;?;?;50;?;?;NA;NA;NA;NA;?;?;?;NA;NA;NA;?
AssetFlowCore.Benchmarks.Application.UseCases;ConcurrentTicketCreationBenchmark;'N tickets en parallèle (Task.WhenAll)';Job-CNUJVU;False;Default;Default;Default;Default;Default;Default;1111;Empty;RyuJit;Default;X64;8c5e7fda-e8bf-4a96-9a85-a6e23a8c635c;.NET 8.0;False;False;False;True;Default;Default;False;False;False;Default;Default;Default;Default;Default;Default;Default;1;Default;Default;Default;Default;Default;Default;Default;Default;Default;1;Default;?;?;50;?;?;NA;NA;NA;NA;?;?;?;NA;NA;NA;?
AssetFlowCore.Benchmarks.Application;MappingBenchmark;'Ticket.ToDto() — mapping unitaire';DefaultJob;False;Default;Default;Default;Default;Default;Default;1111;Empty;RyuJit;Default;X64;8c5e7fda-e8bf-4a96-9a85-a6e23a8c635c;.NET 8.0;False;False;False;True;Default;Default;False;False;False;Default;Default;Default;Default;Default;Default;Default;Default;Default;Default;Default;Default;Default;Default;Default;Default;Default;16;Default;?;50;?;?;?;80.08 ns;3.712 ns;10.944 ns;78.00 ns;0.84;0.13;1;0.0612;0.0000;128 B;1.07
AssetFlowCore.Benchmarks.Application;MappingBenchmark;'Asset.ToDto() — mapping unitaire';DefaultJob;False;Default;Default;Default;Default;Default;Default;1111;Empty;RyuJit;Default;X64;8c5e7fda-e8bf-4a96-9a85-a6e23a8c635c;.NET 8.0;False;False;False;True;Default;Default;False;False;False;Default;Default;Default;Default;Default;Default;Default;Default;Default;Default;Default;Default;Default;Default;Default;Default;Default;16;Default;?;50;?;?;?;96.34 ns;2.192 ns;6.427 ns;97.08 ns;1.00;0.10;2;0.0573;0.0000;120 B;1.00
AssetFlowCore.Benchmarks.Application;MappingBenchmark;'Liste assets.Select(ToDto) — mapping en masse';DefaultJob;False;Default;Default;Default;Default;Default;Default;1111;Empty;RyuJit;Default;X64;8c5e7fda-e8bf-4a96-9a85-a6e23a8c635c;.NET 8.0;False;False;False;True;Default;Default;False;False;False;Default;Default;Default;Default;Default;Default;Default;Default;Default;Default;Default;Default;Default;Default;Default;Default;Default;16;Default;?;50;?;?;?;"4,390.23 ns";180.766 ns;524.435 ns;"4,316.37 ns";45.79;6.35;3;3.1204;0.0000;6531 B;54.42
AssetFlowCore.Benchmarks.Infrastructure;CachedRepositoryBenchmark;'Cache hit — appels suivants';DefaultJob;False;Default;Default;Default;Default;Default;Default;1111;Empty;RyuJit;Default;X64;8c5e7fda-e8bf-4a96-9a85-a6e23a8c635c;.NET 8.0;False;False;False;True;Default;Default;False;False;False;Default;Default;Default;Default;Default;Default;Default;Default;Default;Default;Default;Default;Default;Default;Default;Default;Default;16;Default;?;?;?;100;?;461.57 ns;19.974 ns;56.663 ns;431.20 ns;0.02;0.00;1;0.6423;0.0000;1344 B;0.04
AssetFlowCore.Benchmarks.Application.UseCases;GetAllAssetsBenchmark;'GetAll — cache miss (premier appel)';DefaultJob;False;Default;Default;Default;Default;Default;Default;1111;Empty;RyuJit;Default;X64;8c5e7fda-e8bf-4a96-9a85-a6e23a8c635c;.NET 8.0;False;False;False;True;Default;Default;False;False;False;Default;Default;Default;Default;Default;Default;Default;Default;Default;Default;Default;Default;Default;Default;Default;Default;Default;16;Default;?;?;?;100;?;"30,293.72 ns";599.330 ns;531.290 ns;"30,176.12 ns";1.00;0.02;2;16.4185;0.0000;34418 B;1.00
AssetFlowCore.Benchmarks.Application.UseCases;GetAllAssetsBenchmark;'GetAll — cache hit (appels suivants)';DefaultJob;False;Default;Default;Default;Default;Default;Default;1111;Empty;RyuJit;Default;X64;8c5e7fda-e8bf-4a96-9a85-a6e23a8c635c;.NET 8.0;False;False;False;True;Default;Default;False;False;False;Default;Default;Default;Default;Default;Default;Default;Default;Default;Default;Default;Default;Default;Default;Default;Default;Default;16;Default;?;?;?;100;?;"31,049.00 ns";587.923 ns;"1,029.700 ns";"30,743.28 ns";1.03;0.04;2;16.6321;0.0000;34780 B;1.01
AssetFlowCore.Benchmarks.Infrastructure;AssetRepositoryBenchmark;'GetByIdAsync — asset inexistant (Guid.NewGuid)';DefaultJob;False;Default;Default;Default;Default;Default;Default;1111;Empty;RyuJit;Default;X64;8c5e7fda-e8bf-4a96-9a85-a6e23a8c635c;.NET 8.0;False;False;False;True;Default;Default;False;False;False;Default;Default;Default;Default;Default;Default;Default;Default;Default;Default;Default;Default;Default;Default;Default;Default;Default;16;Default;?;?;?;100;?;"74,139.96 ns";"1,183.604 ns";924.080 ns;"74,343.20 ns";2.45;0.05;3;21.4844;0.0000;45227 B;1.31
AssetFlowCore.Benchmarks.Infrastructure;AssetRepositoryBenchmark;'GetByIdAsync — asset connu avec tickets inclus';DefaultJob;False;Default;Default;Default;Default;Default;Default;1111;Empty;RyuJit;Default;X64;8c5e7fda-e8bf-4a96-9a85-a6e23a8c635c;.NET 8.0;False;False;False;True;Default;Default;False;False;False;Default;Default;Default;Default;Default;Default;Default;Default;Default;Default;Default;Default;Default;Default;Default;Default;Default;16;Default;?;?;?;100;?;"86,093.15 ns";"1,652.020 ns";"1,696.502 ns";"85,579.88 ns";2.84;0.07;4;28.3203;0.0000;59306 B;1.72
AssetFlowCore.Benchmarks.Infrastructure;AssetRepositoryBenchmark;'ExistsWithSerialNumberAsync — numéro existant';DefaultJob;False;Default;Default;Default;Default;Default;Default;1111;Empty;RyuJit;Default;X64;8c5e7fda-e8bf-4a96-9a85-a6e23a8c635c;.NET 8.0;False;False;False;True;Default;Default;False;False;False;Default;Default;Default;Default;Default;Default;Default;Default;Default;Default;Default;Default;Default;Default;Default;Default;Default;16;Default;?;?;?;100;?;"120,508.42 ns";"2,022.650 ns";"1,986.513 ns";"120,853.61 ns";3.98;0.09;5;42.9688;0.0000;90231 B;2.62
AssetFlowCore.Benchmarks.Infrastructure;AssetRepositoryBenchmark;'ExistsWithSerialNumberAsync — avec espaces et casse mixte';DefaultJob;False;Default;Default;Default;Default;Default;Default;1111;Empty;RyuJit;Default;X64;8c5e7fda-e8bf-4a96-9a85-a6e23a8c635c;.NET 8.0;False;False;False;True;Default;Default;False;False;False;Default;Default;Default;Default;Default;Default;Default;Default;Default;Default;Default;Default;Default;Default;Default;Default;Default;16;Default;?;?;?;100;?;"120,596.39 ns";"2,210.741 ns";"3,240.476 ns";"120,295.41 ns";3.98;0.12;5;42.9688;0.0000;90407 B;2.63
AssetFlowCore.Benchmarks.Infrastructure;AssetRepositoryBenchmark;'ExistsWithSerialNumberAsync — numéro inexistant';DefaultJob;False;Default;Default;Default;Default;Default;Default;1111;Empty;RyuJit;Default;X64;8c5e7fda-e8bf-4a96-9a85-a6e23a8c635c;.NET 8.0;False;False;False;True;Default;Default;False;False;False;Default;Default;Default;Default;Default;Default;Default;Default;Default;Default;Default;Default;Default;Default;Default;Default;Default;16;Default;?;?;?;100;?;"129,306.31 ns";"5,740.231 ns";"16,469.800 ns";"120,945.12 ns";4.27;0.55;5;42.9688;0.0000;90231 B;2.62
AssetFlowCore.Benchmarks.Infrastructure;CachedRepositoryBenchmark;'Cache miss — premier appel (populate)';DefaultJob;False;Default;Default;Default;Default;Default;Default;1111;Empty;RyuJit;Default;X64;8c5e7fda-e8bf-4a96-9a85-a6e23a8c635c;.NET 8.0;False;False;False;True;Default;Default;False;False;False;Default;Default;Default;Default;Default;Default;Default;Default;Default;Default;Default;Default;Default;Default;Default;Default;Default;16;Default;?;?;?;100;?;"158,610.97 ns";"3,051.378 ns";"3,859.017 ns";"158,495.26 ns";5.24;0.15;6;82.0313;0.0000;172081 B;5.00
AssetFlowCore.Benchmarks.Infrastructure;AssetRepositoryBenchmark;'GetAllReadOnlyAsync — AsNoTracking (N assets)';DefaultJob;False;Default;Default;Default;Default;Default;Default;1111;Empty;RyuJit;Default;X64;8c5e7fda-e8bf-4a96-9a85-a6e23a8c635c;.NET 8.0;False;False;False;True;Default;Default;False;False;False;Default;Default;Default;Default;Default;Default;Default;Default;Default;Default;Default;Default;Default;Default;Default;Default;Default;16;Default;?;?;?;100;?;"159,231.48 ns";"2,576.863 ns";"3,258.907 ns";"158,276.27 ns";5.26;0.14;6;82.0313;0.0000;171649 B;4.99
AssetFlowCore.Benchmarks.Infrastructure;CachedRepositoryBenchmark;'Sans cache — lecture EF directe';DefaultJob;False;Default;Default;Default;Default;Default;Default;1111;Empty;RyuJit;Default;X64;8c5e7fda-e8bf-4a96-9a85-a6e23a8c635c;.NET 8.0;False;False;False;True;Default;Default;False;False;False;Default;Default;Default;Default;Default;Default;Default;Default;Default;Default;Default;Default;Default;Default;Default;Default;Default;16;Default;?;?;?;100;?;"184,436.06 ns";"14,273.314 ns";"38,831.606 ns";"172,912.94 ns";6.09;1.28;6;82.0313;0.0000;171649 B;4.99
AssetFlowCore.Benchmarks.Infrastructure;MaintenanceTicketRepositoryBenchmark;'GetByIdAsync — ticket connu (1 résultat)';DefaultJob;False;Default;Default;Default;Default;Default;Default;1111;Empty;RyuJit;Default;X64;8c5e7fda-e8bf-4a96-9a85-a6e23a8c635c;.NET 8.0;False;False;False;True;Default;Default;False;False;False;Default;Default;Default;Default;Default;Default;Default;Default;Default;Default;Default;Default;Default;Default;Default;Default;Default;16;Default;?;?;?;?;100;"67,510.10 ns";"1,291.821 ns";"1,487.664 ns";"67,647.69 ns";0.94;0.03;1;19.0430;0.0000;40257 B;1.01
AssetFlowCore.Benchmarks.Infrastructure;MaintenanceTicketRepositoryBenchmark;'CountActiveTickets — asset avec N tickets (Opened+InProgress)';DefaultJob;False;Default;Default;Default;Default;Default;Default;1111;Empty;RyuJit;Default;X64;8c5e7fda-e8bf-4a96-9a85-a6e23a8c635c;.NET 8.0;False;False;False;True;Default;Default;False;False;False;Default;Default;Default;Default;Default;Default;Default;Default;Default;Default;Default;Default;Default;Default;Default;Default;Default;16;Default;?;?;?;?;100;"71,623.59 ns";"1,423.846 ns";"1,262.202 ns";"71,337.98 ns";1.00;0.02;2;18.7988;0.0000;39712 B;1.00
AssetFlowCore.Benchmarks.Infrastructure;MaintenanceTicketRepositoryBenchmark;'CountActiveTickets — asset sans tickets (Guid inconnu)';DefaultJob;False;Default;Default;Default;Default;Default;Default;1111;Empty;RyuJit;Default;X64;8c5e7fda-e8bf-4a96-9a85-a6e23a8c635c;.NET 8.0;False;False;False;True;Default;Default;False;False;False;Default;Default;Default;Default;Default;Default;Default;Default;Default;Default;Default;Default;Default;Default;Default;Default;Default;16;Default;?;?;?;?;100;"71,666.59 ns";"1,399.035 ns";"1,769.331 ns";"71,295.65 ns";1.00;0.03;2;18.7988;0.0000;39496 B;0.99
AssetFlowCore.Benchmarks.Infrastructure;MaintenanceTicketRepositoryBenchmark;'GetByIdAsync — ticket inexistant (0 résultat)';DefaultJob;False;Default;Default;Default;Default;Default;Default;1111;Empty;RyuJit;Default;X64;8c5e7fda-e8bf-4a96-9a85-a6e23a8c635c;.NET 8.0;False;False;False;True;Default;Default;False;False;False;Default;Default;Default;Default;Default;Default;Default;Default;Default;Default;Default;Default;Default;Default;Default;Default;Default;16;Default;?;?;?;?;100;"73,087.84 ns";"4,080.017 ns";"11,706.335 ns";"66,836.40 ns";1.02;0.16;2;18.7988;0.0000;39504 B;0.99
AssetFlowCore.Benchmarks.Application;MappingBenchmark;'Asset.ToDto() — mapping unitaire';DefaultJob;False;Default;Default;Default;Default;Default;Default;1111;Empty;RyuJit;Default;X64;8c5e7fda-e8bf-4a96-9a85-a6e23a8c635c;.NET 8.0;False;False;False;True;Default;Default;False;False;False;Default;Default;Default;Default;Default;Default;Default;Default;Default;Default;Default;Default;Default;Default;Default;Default;Default;16;Default;?;200;?;?;?;70.13 ns;3.955 ns;11.537 ns;69.41 ns;1.03;0.24;1;0.0573;0.0000;120 B;1.00
AssetFlowCore.Benchmarks.Application;MappingBenchmark;'Ticket.ToDto() — mapping unitaire';DefaultJob;False;Default;Default;Default;Default;Default;Default;1111;Empty;RyuJit;Default;X64;8c5e7fda-e8bf-4a96-9a85-a6e23a8c635c;.NET 8.0;False;False;False;True;Default;Default;False;False;False;Default;Default;Default;Default;Default;Default;Default;Default;Default;Default;Default;Default;Default;Default;Default;Default;Default;16;Default;?;200;?;?;?;71.52 ns;3.236 ns;9.388 ns;69.41 ns;1.05;0.22;1;0.0612;0.0000;128 B;1.07
AssetFlowCore.Benchmarks.Application;MappingBenchmark;'Liste assets.Select(ToDto) — mapping en masse';DefaultJob;False;Default;Default;Default;Default;Default;Default;1111;Empty;RyuJit;Default;X64;8c5e7fda-e8bf-4a96-9a85-a6e23a8c635c;.NET 8.0;False;False;False;True;Default;Default;False;False;False;Default;Default;Default;Default;Default;Default;Default;Default;Default;Default;Default;Default;Default;Default;Default;Default;Default;16;Default;?;200;?;?;?;"19,393.01 ns";683.159 ns;"2,014.311 ns";"19,506.52 ns";283.75;53.89;2;12.2986;0.0000;25739 B;214.49
AssetFlowCore.Benchmarks.Infrastructure;CachedRepositoryBenchmark;'Cache hit — appels suivants';DefaultJob;False;Default;Default;Default;Default;Default;Default;1111;Empty;RyuJit;Default;X64;8c5e7fda-e8bf-4a96-9a85-a6e23a8c635c;.NET 8.0;False;False;False;True;Default;Default;False;False;False;Default;Default;Default;Default;Default;Default;Default;Default;Default;Default;Default;Default;Default;Default;Default;Default;Default;16;Default;?;?;?;500;?;754.77 ns;15.094 ns;29.795 ns;758.53 ns;0.01;0.00;1;2.1687;0.0000;4544 B;0.05
AssetFlowCore.Benchmarks.Application.UseCases;GetAllAssetsBenchmark;'GetAll — cache miss (premier appel)';DefaultJob;False;Default;Default;Default;Default;Default;Default;1111;Empty;RyuJit;Default;X64;8c5e7fda-e8bf-4a96-9a85-a6e23a8c635c;.NET 8.0;False;False;False;True;Default;Default;False;False;False;Default;Default;Default;Default;Default;Default;Default;Default;Default;Default;Default;Default;Default;Default;Default;Default;Default;16;Default;?;?;?;500;?;"56,255.28 ns";986.730 ns;"1,350.648 ns";"56,383.69 ns";1.00;0.03;2;40.8936;0.0000;85681 B;1.00
AssetFlowCore.Benchmarks.Application.UseCases;GetAllAssetsBenchmark;'GetAll — cache hit (appels suivants)';DefaultJob;False;Default;Default;Default;Default;Default;Default;1111;Empty;RyuJit;Default;X64;8c5e7fda-e8bf-4a96-9a85-a6e23a8c635c;.NET 8.0;False;False;False;True;Default;Default;False;False;False;Default;Default;Default;Default;Default;Default;Default;Default;Default;Default;Default;Default;Default;Default;Default;Default;Default;16;Default;?;?;?;500;?;"57,394.70 ns";"1,267.464 ns";"3,512.136 ns";"56,033.69 ns";1.02;0.07;2;41.0767;0.0000;86033 B;1.00
AssetFlowCore.Benchmarks.Infrastructure;AssetRepositoryBenchmark;'GetByIdAsync — asset inexistant (Guid.NewGuid)';DefaultJob;False;Default;Default;Default;Default;Default;Default;1111;Empty;RyuJit;Default;X64;8c5e7fda-e8bf-4a96-9a85-a6e23a8c635c;.NET 8.0;False;False;False;True;Default;Default;False;False;False;Default;Default;Default;Default;Default;Default;Default;Default;Default;Default;Default;Default;Default;Default;Default;Default;Default;16;Default;?;?;?;500;?;"244,476.83 ns";"4,717.472 ns";"3,939.303 ns";"244,818.85 ns";4.35;0.12;3;86.9141;0.0000;182790 B;2.13
AssetFlowCore.Benchmarks.Infrastructure;AssetRepositoryBenchmark;'GetByIdAsync — asset connu avec tickets inclus';DefaultJob;False;Default;Default;Default;Default;Default;Default;1111;Empty;RyuJit;Default;X64;8c5e7fda-e8bf-4a96-9a85-a6e23a8c635c;.NET 8.0;False;False;False;True;Default;Default;False;False;False;Default;Default;Default;Default;Default;Default;Default;Default;Default;Default;Default;Default;Default;Default;Default;Default;Default;16;Default;?;?;?;500;?;"284,164.94 ns";"3,537.327 ns";"5,712.125 ns";"283,482.03 ns";5.05;0.15;4;105.4688;13.6719;241135 B;2.81
AssetFlowCore.Benchmarks.Infrastructure;AssetRepositoryBenchmark;'ExistsWithSerialNumberAsync — numéro existant';DefaultJob;False;Default;Default;Default;Default;Default;Default;1111;Empty;RyuJit;Default;X64;8c5e7fda-e8bf-4a96-9a85-a6e23a8c635c;.NET 8.0;False;False;False;True;Default;Default;False;False;False;Default;Default;Default;Default;Default;Default;Default;Default;Default;Default;Default;Default;Default;Default;Default;Default;Default;16;Default;?;?;?;500;?;"514,007.18 ns";"16,048.355 ns";"45,526.515 ns";"494,133.11 ns";9.14;0.83;5;176.7578;34.1797;409630 B;4.78
AssetFlowCore.Benchmarks.Infrastructure;AssetRepositoryBenchmark;'ExistsWithSerialNumberAsync — avec espaces et casse mixte';DefaultJob;False;Default;Default;Default;Default;Default;Default;1111;Empty;RyuJit;Default;X64;8c5e7fda-e8bf-4a96-9a85-a6e23a8c635c;.NET 8.0;False;False;False;True;Default;Default;False;False;False;Default;Default;Default;Default;Default;Default;Default;Default;Default;Default;Default;Default;Default;Default;Default;Default;Default;16;Default;?;?;?;500;?;"519,799.98 ns";"14,215.065 ns";"40,325.776 ns";"502,153.22 ns";9.25;0.75;5;176.7578;35.1563;409806 B;4.78
AssetFlowCore.Benchmarks.Infrastructure;AssetRepositoryBenchmark;'ExistsWithSerialNumberAsync — numéro inexistant';DefaultJob;False;Default;Default;Default;Default;Default;Default;1111;Empty;RyuJit;Default;X64;8c5e7fda-e8bf-4a96-9a85-a6e23a8c635c;.NET 8.0;False;False;False;True;Default;Default;False;False;False;Default;Default;Default;Default;Default;Default;Default;Default;Default;Default;Default;Default;Default;Default;Default;Default;Default;16;Default;?;?;?;500;?;"524,906.11 ns";"16,621.465 ns";"47,690.102 ns";"503,154.20 ns";9.34;0.87;5;178.7109;32.2266;409632 B;4.78
AssetFlowCore.Benchmarks.Infrastructure;AssetRepositoryBenchmark;'GetAllReadOnlyAsync — AsNoTracking (N assets)';DefaultJob;False;Default;Default;Default;Default;Default;Default;1111;Empty;RyuJit;Default;X64;8c5e7fda-e8bf-4a96-9a85-a6e23a8c635c;.NET 8.0;False;False;False;True;Default;Default;False;False;False;Default;Default;Default;Default;Default;Default;Default;Default;Default;Default;Default;Default;Default;Default;Default;Default;Default;16;Default;?;?;?;500;?;"846,708.48 ns";"25,580.859 ns";"72,983.635 ns";"812,070.61 ns";15.06;1.34;6;265.6250;99.6094;830166 B;9.69
AssetFlowCore.Benchmarks.Infrastructure;CachedRepositoryBenchmark;'Sans cache — lecture EF directe';DefaultJob;False;Default;Default;Default;Default;Default;Default;1111;Empty;RyuJit;Default;X64;8c5e7fda-e8bf-4a96-9a85-a6e23a8c635c;.NET 8.0;False;False;False;True;Default;Default;False;False;False;Default;Default;Default;Default;Default;Default;Default;Default;Default;Default;Default;Default;Default;Default;Default;Default;Default;16;Default;?;?;?;500;?;"856,400.67 ns";"26,676.020 ns";"75,240.193 ns";"819,570.70 ns";15.23;1.38;6;267.5781;105.4688;830167 B;9.69
AssetFlowCore.Benchmarks.Infrastructure;CachedRepositoryBenchmark;'Cache miss — premier appel (populate)';DefaultJob;False;Default;Default;Default;Default;Default;Default;1111;Empty;RyuJit;Default;X64;8c5e7fda-e8bf-4a96-9a85-a6e23a8c635c;.NET 8.0;False;False;False;True;Default;Default;False;False;False;Default;Default;Default;Default;Default;Default;Default;Default;Default;Default;Default;Default;Default;Default;Default;Default;Default;16;Default;?;?;?;500;?;"870,999.52 ns";"40,232.930 ns";"105,282.573 ns";"831,093.26 ns";15.49;1.90;6;267.5781;103.5156;830599 B;9.69
AssetFlowCore.Benchmarks.Infrastructure;MaintenanceTicketRepositoryBenchmark;'CountActiveTickets — asset sans tickets (Guid inconnu)';DefaultJob;False;Default;Default;Default;Default;Default;Default;1111;Empty;RyuJit;Default;X64;8c5e7fda-e8bf-4a96-9a85-a6e23a8c635c;.NET 8.0;False;False;False;True;Default;Default;False;False;False;Default;Default;Default;Default;Default;Default;Default;Default;Default;Default;Default;Default;Default;Default;Default;Default;Default;16;Default;?;?;?;?;500;"247,261.40 ns";"4,916.166 ns";"6,037.493 ns";"246,571.73 ns";0.97;0.03;1;79.5898;0.0000;167341 B;1.00
AssetFlowCore.Benchmarks.Infrastructure;MaintenanceTicketRepositoryBenchmark;'GetByIdAsync — ticket inexistant (0 résultat)';DefaultJob;False;Default;Default;Default;Default;Default;Default;1111;Empty;RyuJit;Default;X64;8c5e7fda-e8bf-4a96-9a85-a6e23a8c635c;.NET 8.0;False;False;False;True;Default;Default;False;False;False;Default;Default;Default;Default;Default;Default;Default;Default;Default;Default;Default;Default;Default;Default;Default;Default;Default;16;Default;?;?;?;?;500;"251,762.24 ns";"5,690.417 ns";"15,188.877 ns";"246,703.32 ns";0.98;0.06;1;78.1250;0.0000;167349 B;1.00
AssetFlowCore.Benchmarks.Infrastructure;MaintenanceTicketRepositoryBenchmark;'CountActiveTickets — asset avec N tickets (Opened+InProgress)';DefaultJob;False;Default;Default;Default;Default;Default;Default;1111;Empty;RyuJit;Default;X64;8c5e7fda-e8bf-4a96-9a85-a6e23a8c635c;.NET 8.0;False;False;False;True;Default;Default;False;False;False;Default;Default;Default;Default;Default;Default;Default;Default;Default;Default;Default;Default;Default;Default;Default;Default;Default;16;Default;?;?;?;?;500;"256,230.76 ns";"4,703.597 ns";"4,830.248 ns";"256,035.84 ns";1.00;0.03;1;79.5898;0.0000;167557 B;1.00
AssetFlowCore.Benchmarks.Infrastructure;MaintenanceTicketRepositoryBenchmark;'GetByIdAsync — ticket connu (1 résultat)';DefaultJob;False;Default;Default;Default;Default;Default;Default;1111;Empty;RyuJit;Default;X64;8c5e7fda-e8bf-4a96-9a85-a6e23a8c635c;.NET 8.0;False;False;False;True;Default;Default;False;False;False;Default;Default;Default;Default;Default;Default;Default;Default;Default;Default;Default;Default;Default;Default;Default;Default;Default;16;Default;?;?;?;?;500;"282,643.54 ns";"16,730.067 ns";"46,636.743 ns";"266,378.12 ns";1.10;0.18;1;80.0781;0.0000;168102 B;1.00
